FIrst Name|Last Name|Number of Papers
Ramona|Ewing|6
Buffy|Kline|5
Lewis|Sweet|10
Sigourney|Morrow|8
Amery|Carpenter|10
Mona|Guerra|7
Geoffrey|Fulton|7
Dillon|Cotton|6
Amber|White|9
Cassady|Gilliam|8
Chantale|Randolph|3
Dai|Montoya|7
Lana|Kirby|3
Zachary|Joyner|2
Taylor|Lynn|5
Willa|Alvarez|7
Katelyn|Gray|9
Ian|Wallace|9
Ralph|Jefferson|8
Jaden|Lewis|6
Xantha|Gentry|5
Kirby|Beasley|7
Olga|Rush|4
Brett|Aguilar|8
Hunter|Barnes|1
Rajah|Warner|7
Charlotte|Dyer|8
Janna|Weaver|3
Ora|Mcleod|10
Skyler|Cobb|5
Lila|Clements|5
Skyler|Nieves|9
Gray|Finley|1
Oprah|Farmer|9
Vincent|Colon|9
Kylynn|Sawyer|6
Kuame|Deleon|7
Carly|Tran|7
Isaiah|Coffey|1
Caleb|Schneider|4
Sebastian|Buchanan|2
Nina|Fitzpatrick|7
Sage|Macias|9
Erich|Brown|4
Cynthia|Everett|1
Moses|Guerra|2
Rylee|Bishop|7
Zelda|Weeks|4
George|Ochoa|4
Merrill|Burks|9
Dorothy|Waters|1
Colby|Simon|5
Mariam|Cole|5
Len|Mcleod|4
Emerald|Madden|1
Ayanna|Lott|8
Lacy|Houston|4
Clayton|Taylor|6
Conan|English|9
Adam|Gibson|6
Hollee|Talley|7
Keaton|Snider|5
Shea|Baldwin|1
Sebastian|Brooks|10
Shelley|Roy|6
Desirae|Stanton|1
Hedwig|Hancock|7
Rhiannon|Gould|10
Fiona|Mcneil|6
Stacy|Campbell|7
Denton|Calhoun|5
Caesar|Nieves|6
Dawn|Hays|2
Vincent|Horn|4
Cameran|Paul|9
Ginger|Parsons|9
Ora|Warner|6
Keaton|Colon|8
Chase|Rosales|5
Deborah|Byers|3
Zahir|Branch|4
Nell|Moses|5
Ciara|Cain|1
Denise|Alford|8
Tallulah|Clayton|1
Katelyn|Fulton|4
Benjamin|Waller|7
Moana|Cobb|9
Simone|Cox|2
Zena|Duran|8
Odette|Phillips|3
Jin|Coffey|7
Nicholas|Chang|6
Demetria|Harmon|3
Sopoline|Newman|2
Kalia|Donaldson|4
Alfreda|Cantu|3
Nevada|Dawson|7
Timon|Austin|9
Alice|Abbott|1

